{"cameraMode":{"drawMode":0,"name":"Shaded","section":"Shading Mode"},"sceneLighting":true,"audioPlay":false,"sceneViewState":{"m_AlwaysRefresh":false,"showFog":true,"showSkybox":true,"showFlares":true,"showImageEffects":true,"showParticleSystems":true,"showVisualEffectGraphs":true,"m_FxEnabled":true},"in2DMode":false,"pivot":{"x":-0.04587322846055031,"y":0.12301035225391388,"z":0.5581011176109314},"rotation":{"x":0.14350350201129914,"y":0.0014845242258161307,"z":-0.0002152429224224761,"w":0.989651083946228},"size":0.48360565304756167,"orthographic":false}